{
  "name": "Renamer",
  "author": "funjoker",
  "description": "With this mod we can rename any string inside the game",
  "version": "1.0.0",
  "license": "GNU AGPLv3",
  "icon": "icon.png",
  "banner": "banner.jpg",
  "gameVersion": "1.0",
  "requiredByAllPlayers": false,
  "updateUrl": "https://www.raftmodding.com/api/v1/mods/renamer/version.txt",
  "isModPermanent": false,
  "excludedFiles": [],
  "modSettings": [
    {
      "type": "input",
      "name": "filenameInput",
      "text": "CSV file",
      "max": 32,
      "mode": "Standard"
    },
	{
      "type": "button",
      "name": "loadCsvButton",
      "text": "Load CSV"
    },
    {
      "type": "checkbox",
      "name": "loadOnStartCheckbox",
      "text": "Load CSV on start",
      "access": "both",
      "default": false
    }
  ]
}