{
  "name": "Ukrainian Language",
  "author": "Damglador",
  "description": "Дадає українську мову в гру.\nПереклад оновлюється та завантажується автоматично при запуску модифікації. Файли перекладу беруться з репозиторію на GitHub.",
  "version": "1.0.7",
  "license": "GNU AGPLv3",
  "icon": "icon.png",
  "banner": "banner.jpg",
  "gameVersion": "1.09",
  "requiredByAllPlayers": false,
  "updateUrl": "https://raftmodding.com/api/v1/mods/ukrainian-language/version.txt",
  "isModPermanent": true,
  "excludedFiles": []
}